name	context	language	url	split	grammar pattern	Count	notes	final_axial_code	Christian Axial Code	Syreen Axial Code	Eman Axial Code
and	DECLARATION	Java	https://github.com/immutables/immutables/blob/28ba97e9f3075902e279c1cde3e16be01e365afb/generator/src/org/immutables/generator/Builtins.java	and	CJ	1	This variable represents the concept of logical the logical 'and' operation. The identifier name, 'and', is a direct nod to the binary boolean function 'and'.	Boolean Concept Name	Boolean Concept Name	Boolean Concept Name	Boolean Concept Name
ifPresent	PARAMETER	Java	https://github.com/immutables/immutables/blob/28ba97e9f3075902e279c1cde3e16be01e365afb/value-processor/src/org/immutables/value/processor/meta/AnnotationInjections.java	if Present	CJ NM	2	This variable is a function that acts as a boolean flag field. It essentially means 'only apply the annotation if it is already present on the target'. Thus the use of 'if' indicates a predicate-lke boolean or a guard condition.	Guarded Action / Conditional Enablement	Guarded Action / Conditional Enablement	Guarded Action / Conditional Enablement	Guarded Action / Conditional Enablement
ifUnique	PARAMETER	C++	https://github.com/vgvassilev/cling/blob/5e3310ac045d5763cd9852359d1003f3850c2a0c/lib/Interpreter/Interpreter.cpp	if Unique	CJ NM	2	This variable is a boolean control flag that helps avoid recompioling a function that has already been compiled and exists globally. It esentially determines whether a function shuold be compiled only if it hasn't already been compiled. Thus, the use of 'if' affirms its roll as a guard condition/boolean predicate	Guarded Action / Conditional Enablement	Guarded Action / Conditional Enablement	Guarded Action / Conditional Enablement	Guarded Action / Conditional Enablement
data_or_diff	PARAMETER	C++	https://github.com/BVLC/caffe/blob/9b891540183ddc834a02b2bd81b31afae71b2153/matlab/+caffe/private/caffe_.cpp	data or diff	N CJ N	6	This variable is a parameter distinguishing between accessing data (forward values) or diff (backprop gradients). It's used to determine which memory pointer to retrieve. The use of 'or' indicates this variable's use use as a selector between two mutuall exclusive options-- it only contains one value at any given time; one or the other.	Data Pair / Composite Value	Data Pair / Composite Value	Data Pair / Composite Value	Data Pair / Composite Value
function_and_data	DECLARATION	C	https://github.com/weechat/weechat/blob/13241cdca5b39415d2a0f9e1b55a79153d14ba07/src/plugins/plugin-script-api.c	function and data	N CJ N	6	This variable combines two pieces of data: a function name and data associated with the function. This data should be passed to the function when invoked. 	Data Pair / Composite Value	Data Pair / Composite Value	Data Pair / Composite Value	Data Pair / Composite Value
server_and_port	DECLARATION	C++	https://github.com/panda3d/panda3d/blob/07f9f9d89722a82234e0d111e61b7ff98e88e2db/panda/src/downloader/httpClient.cxx	server and port	N CJ N	6	This variable is a string that likely contains a string representation of a server url and its port, like example.com:80. Thus, it is used as a compound key of sorts representing the semantic unit of hostname and port.	Data Pair / Composite Value	Data Pair / Composite Value	Data Pair / Composite Value	Data Pair / Composite Value
term_and_class	FUNCTION	C++	https://github.com/meta-toolkit/meta/blob/c7019401185cdfa15e1193aad821894c35a83e3f/src/features/feature_selector.cpp	term and class	N CJ N	6	This variable represents a logical conjunction used to encode joint probability. Term refers to a vocabulary item, and class is a label. The use of 'and' affirms the type of probability distribution: P(term and class)	Data Pair / Composite Value	Data Pair / Composite Value	Data Pair / Composite Value	Data Pair / Composite Value
treeandInfo	ATTRIBUTE	Java	https://github.com/igniterealtime/Spark/blob/ca028f3a818b94c00f2f600933109087d84fb0b9/core/src/main/java/org/jivesoftware/sparkimpl/plugin/privacy/ui/PrivacyListTree.java	tree and Info	N CJ N	6	This variable represents  a panel that contains both a tree and an info section. In other words, it combines two display types/areas. The use of 'and' indicates this combination of display types.	Data Pair / Composite Value	Data Pair / Composite Value	Data Pair / Composite Value	Data Pair / Composite Value
zero_or_null	FUNCTION	Java	https://github.com/cglib/cglib/blob/5c947539c1218dc4ff1a14a7c36b4856b0ee6397/cglib/src/main/java/net/sf/cglib/core/CodeEmitter.java	zero or null	N CJ N	6	This variable emits bytecode instructions to push a zero value if type is primitive, or a null reference if type is a reference type. In other words, it represents one or the other depending on the situation	Data Pair / Composite Value	Data Pair / Composite Value	Data Pair / Composite Value	Data Pair / Composite Value
_lookandfeel	ATTRIBUTE	Java	https://github.com/igniterealtime/Spark/blob/ca028f3a818b94c00f2f600933109087d84fb0b9/core/src/main/java/org/jivesoftware/spark/ui/themes/ThemePanel.java	look and feel	NM CJ NM	2	This variable represents the Java Swing concepts of "look and feel", which is considered an important to the framework. The look and feel are a bundled style system in Java swing, so the 'and' here is really affirming the idea that these concepts are handled in one spot by Java Swing developers	Combined Configuration / UI Concept	Combined Configuration / UI Concept	Combined Configuration / UI Concept	Combined Configuration / UI Concept
null_or_empty	FUNCTION	C++	https://github.com/deeplearning4j/deeplearning4j/blob/854c3b264d6d392ecd1b09c386d919e3c74cb425/nd4j/nd4j-backends/nd4j-api-parent/nd4j-api/src/main/protobuf/tf/google/protobuf/stubs/io_win32.cc	null or empty	NM CJ NM	2	This variable is a function used to check whether a string is null or the empty string. The use of 'or' affirms that it checks for both states, and if either state is detected, it returns true. It represents compound boolean logic.	Boolean Multi-Condition Test	Boolean Multi-Condition Test	Boolean Multi-Condition Test	Boolean Multi-Condition Test
throw_if_error	FUNCTION	C++	https://github.com/meta-toolkit/meta/blob/c7019401185cdfa15e1193aad821894c35a83e3f/src/io/xzstream.cpp	throw if error	V CJ N	3	This variable is a function that represents a conditional action pattern. It throws an exception only if the LZMA return code indicates an error. Thus the 'if' affirms the use of some conditional logic within the function-- throw only happens under certain conditions.	Guarded Action / Conditional Enablement	Guarded Action / Conditional Enablement	Guarded Action / Conditional Enablement	Guarded Action / Conditional Enablement
unbox_or_zero	FUNCTION	Java	https://github.com/cglib/cglib/blob/5c947539c1218dc4ff1a14a7c36b4856b0ee6397/cglib/src/main/java/net/sf/cglib/core/CodeEmitter.java	unbox or zero	V CJ N	3	This variable helps handle unboxing an object into a java primitive. If the object is null, it pushes a zero for that primitive type instead. For non-null, it unboxes.	Data Pair / Composite Value	Data Pair / Composite Value	Data Pair / Composite Value	Data Pair / Composite Value
warn_if_error	FUNCTION	C++	https://github.com/freeminer/freeminer/blob/86caf1cfbdf3d06f53981adaedc6f1eba7448486/src/client/sound_openal.cpp	warn if error	V CJ N	3	This variable is a function that performs a conditional side effect; logging a warning message only if an OpenAL error is present. This is a conditional command, similar to throw_if_error, where the conjunction, if, indicates that there is a conditional under which the action will be taken.	Guarded Action / Conditional Enablement	Guarded Action / Conditional Enablement	Guarded Action / Conditional Enablement	Guarded Action / Conditional Enablement
hash_and_save	FUNCTION	C	https://github.com/ropensci/git2r/blob/9c42d41c14cf83735db37ae662e2bce42c500aaa/src/libgit2/src/libgit2/indexer.c	hash and save	V CJ V	2	This variable is a function that performs two distinct actions. It hashes the object and saves object metadata. thus, the us of 'and' affirms the two operations that this function uses as subactions within its body.	Combined Action / Sequential Behavior	Combined Action / Sequential Behavior	Combined Action / Sequential Behavior	Combined Action / Sequential Behavior
replace_if_exists	FUNCTION	C++	https://github.com/meta-toolkit/meta/blob/c7019401185cdfa15e1193aad821894c35a83e3f/src/analyzers/filters/porter2_stemmer.cpp	replace if exists	V CJ V	2	This variable is a function that attempts to replace a suffix only if the suffix exists at the right location in the input string. It's a verb conditional compound name where the 'if' indicates a condition under which the verb is applied. The use  of 'if' affirms the boolean predicate logic embedded within the verb prhase	Guarded Action / Conditional Enablement	Guarded Action / Conditional Enablement	Guarded Action / Conditional Enablement	Guarded Action / Conditional Enablement
print_and_free_json	FUNCTION	C	https://github.com/openvswitch/ovs/blob/f5188ff2147517612b410ed607e3843cdf4b51a6/ovsdb/ovsdb-tool.c	print and free json	V CJ V N	1	This identifier represents a function that does two things. It prints the json string it takes as an argument, then it frees the string afterward.	Combined Action / Sequential Behavior	Combined Action / Sequential Behavior	Combined Action / Sequential Behavior	Combined Action / Sequential Behavior
propagate_when_not_up	FUNCTION	C	https://github.com/naemon/naemon-core/blob/7558c98937ffb15c040daf158f92827b1f338ba6/src/naemon/checks_host.c	propagate when not up	V CJ VM P	1	This variable is a function that only propagates under the condition that the host is not up. The conditional logic is core to how the function behaves, and 'when' helps specify what the condition is.	Guarded Action / Conditional Enablement	Guarded Action / Conditional Enablement	Guarded Action / Conditional Enablement	Guarded Action / Conditional Enablement
generate_key_or_iv	FUNCTION	C	https://github.com/wireshark/wireshark/blob/13f21ebd59317f59b91ce7a48a234ef48989ccf0/epan/dissectors/asn1/pkcs12/packet-pkcs12-template.c	generate key or iv	V N CJ N	2	This variable is a function that generates either a key or an initialization vector (IV). Thus, the use of 'or' highlights the mutually exclusive nature of the value it returns	Shared Interface for Alternatives	Shared Interface for Alternatives	Shared Interface for Alternatives	Shared Interface for Alternatives
set_server_and_port	FUNCTION	C++	https://github.com/panda3d/panda3d/blob/07f9f9d89722a82234e0d111e61b7ff98e88e2db/panda/src/downloader/urlSpec.cxx	set server and port	V N CJ N	2	This variable is a function that performs a composite assignment; setting both the server and port simultaneously. The use of the 'and' operator affirms the dual-mutation of these fields as a kind of pair-field mutator, similar to set_height_and_width or set_x_and_y	Combined Action / Sequential Behavior	Combined Action / Sequential Behavior	Combined Action / Sequential Behavior	Combined Action / Sequential Behavior